CP,f1,f2,f3,f4,f5,f6,f7,f8
-1.4338,-0.17483,-0.066179,-0.084153,-0.11658,-0.55531,0.13948,-0.27565,0.12957
-1.3139,0.88942,-0.17834,-0.25373,0.70795,-0.15291,0.14777,-0.15828,-0.41665
0.035385,0.29846,0.36675,-0.63157,0.28747,-0.47425,0.79971,-0.65753,-1.1097
-0.4357,1.0406,-0.56057,0.55375,-0.51038,1.2301,0.047167,-0.26787,0.46571
-0.49251,0.66406,-0.14724,0.24186,0.20619,0.52112,0.37885,-0.17149,-0.34042
-0.86768,0.2571,0.26826,-0.56969,-0.10059,-0.17679,0.50642,-0.48654,-0.2195
-0.64975,1.0173,-0.39155,0.088732,0.18206,0.55831,0.47487,-0.098582,-1.2006
-0.88455,0.71149,0.44156,-0.1207,0.74914,0.031501,0.87999,-1.1368,0.23063
-0.83131,0.8266,0.34275,-0.4478,0.31583,0.28701,0.47403,-1.1721,-0.77881
-0.96594,-0.9712,0.91476,-0.54726,1.3158,-2.0409,0.39509,-2.2554,-2.2087
-1.544,2.2527,-0.36458,0.47539,-0.8651,2.5804,1.4222,0.65143,1.4683
-2.4708,1.4142,-0.014857,0.61448,-0.27403,1.4813,-0.27717,-0.8679,0.4674
-3.0738,0.98967,0.21618,0.17711,0.23245,1.1814,0.5968,-1.023,-0.55879
-3.6496,0.46646,0.40242,0.48086,0.6023,0.20177,0.71416,-0.62407,-0.63716
-3.1346,1.3925,0.29954,-0.15245,0.083179,1.233,0.85843,-0.95398,-0.42384
-2.6873,0.68416,0.70535,-0.37604,0.42901,0.67586,0.52038,-1.3432,-1.2053
-2.887,0.93788,0.49342,0.053863,0.3951,0.65724,0.62649,-1.1744,-0.72758
-2.034,0.5586,0.88027,-0.43162,0.066126,0.53172,1.2901,-0.66873,1.3583
-1.2674,1.135,0.18511,1.2697,1.2593,1.029,0.75176,-0.76263,-0.56714
-1.3239,0.38063,0.5532,-0.1405,0.45028,0.21944,0.79375,-0.86318,-1.0832
-1.4371,0.72686,0.30584,-0.53916,-0.18594,0.92876,1.109,-0.20681,-1.4922
-1.3142,1.1578,-0.29761,0.23592,-0.072322,0.95115,-0.17605,-0.38483,-1.1267
-0.76622,0.934,0.26756,0.073567,0.27284,0.67089,0.45677,-1.0872,-0.8623
0.31802,1.4165,0.50864,-0.36474,-0.3345,0.68327,0.91895,-0.51763,-0.2485
-0.124,1.11,0.35092,0.80864,0.72826,0.59619,0.82932,-1.4002,-0.58485
-0.65427,0.97999,1.0143,-0.93662,-0.48339,0.72974,0.94382,-2.229,-0.96897
-1.2773,1.5665,0.49968,1.1209,0.69725,1.242,0.99559,-1.0702,0.66371
-1.0883,0.64788,0.83858,-0.64367,0.24011,0.65905,1.3149,-1.8767,-1.1847
-0.49669,0.40147,1.4303,1.1085,0.92232,0.72882,1.3557,-2.4419,1.0494
0.18282,0.92945,1.065,0.1496,0.39346,1.665,1.2445,-1.7201,-0.81957
-0.72034,0.3649,1.4977,-0.24893,-0.32172,1.08,1.192,-2.0316,-1.0268
0.75299,0.14397,1.617,0.32336,-0.41681,0.77248,1.6027,-1.9562,0.77029
-1.1633,0.16992,0.63511,1.2044,-0.49265,1.1566,1.8782,-0.96266,0.054833
-1.775,0.15796,0.67386,1.2181,-0.62644,2.3852,1.1296,-2.5482,0.063521
-0.3906,-0.62979,1.0949,0.15771,0.65846,1.0099,2.4848,-1.666,-2.7345
-0.9147,-0.53765,0.48474,0.4238,0.17839,1.8396,1.2205,-1.6522,-0.40471
-0.48091,-0.24266,0.052292,0.24774,0.20845,1.933,1.4181,-1.4088,-1.145
-0.56165,-1.2845,0.60662,-0.57022,0.17562,0.25585,0.97575,-1.1219,-1.8544
-0.92852,-0.81447,-0.071119,0.31053,0.20517,0.91523,1.191,-0.76386,-1.1903
0.55924,-0.46527,-0.54444,0.38875,-1.1893,1.1882,-0.36893,-1.3224,-0.063711
0.094813,-0.67306,0.055314,-0.40713,0.15069,-0.40633,1.2093,-0.33386,-1.6392
-1.3424,-0.14354,-0.033166,-0.35321,-0.98544,0.1412,-0.075913,-0.6351,-0.6997
-1.8627,-0.20945,-0.0043808,0.4021,-0.051221,-1.105,1.6229,-0.70737,-1.1714
-1.0721,1.1056,-0.73619,0.37376,-1.0694,1.0232,0.44441,-0.47391,0.37836
-0.23878,-0.13681,-0.23328,0.11457,0.2007,-0.71523,0.50834,-1.1242,-0.8674
-1.7135,0.15986,-0.2236,0.31783,-0.54547,-0.50989,0.91797,-1.0032,0.54521
-2.0543,1.6545,-0.37682,0.66364,-1.096,0.9429,0.57438,-0.71539,0.79078
-0.67678,1.0684,-0.70501,0.89459,-0.79196,0.89769,0.44681,-0.16302,-1.1986
-0.48587,-0.75479,0.19402,-0.37851,-0.33917,-0.89227,1.116,-1.4345,-0.64854
1.1969,0.852,0.26975,0.056346,0.71587,0.30475,0.2938,-1.4117,1.0644
1.7475,0.45712,-0.037707,0.25854,-0.17624,-0.17805,0.35141,-0.33123,-0.72558
1.7924,0.55616,0.50484,-0.21519,0.74863,0.087909,0.98216,-0.33704,-2.3417
0.18089,0.75042,0.26696,0.58213,-0.28463,0.59645,0.52469,-0.037639,-0.18586
-0.2748,0.1267,0.40743,-0.78062,-0.2487,1.0962,0.0066279,-0.37349,-0.56089
-2.6862,0.021414,0.25133,0.10523,0.85157,0.31071,0.013467,-0.093977,-0.87855
-2.5193,0.29338,0.82578,-0.35917,0.85923,0.82596,0.38961,-0.63682,0.013534
-2.8728,0.47554,-0.19577,0.1867,0.17691,0.3541,-0.13708,0.46379,-0.86893
-3.9498,0.6743,0.26171,-0.36845,-0.063784,0.36377,-0.21828,0.026164,-1.0798
-4.408,0.92748,0.21336,0.21827,0.097016,0.66768,0.31888,0.37421,-0.047262
-3.7344,0.32597,0.71319,0.60034,0.4274,-0.86197,0.65737,-0.32591,-0.50934
-4.3529,0.65578,0.69251,-0.11772,-0.304,-0.25384,-0.39641,-0.88308,0.20159
-2.554,0.76155,0.55821,0.097522,0.36652,0.38324,0.11193,0.1949,-0.12681
-2.8715,0.62237,1.0126,-0.95859,-0.57738,0.48506,-0.13454,-0.61601,0.46589
-3.6995,-0.061099,1.0009,0.7293,1.3139,-0.13802,-0.57425,0.021418,-1.012
-1.9668,-0.044931,1.8059,0.015902,1.2412,0.47354,-0.23837,0.91826,-1.5629
-2.0848,0.56824,2.3074,-0.11479,-0.26803,0.87803,-0.3299,0.4522,1.098
-1.2077,0.1801,1.3561,1.3209,-0.31311,0.7359,-0.54029,0.023408,1.12
-1.6827,0.21344,1.579,-0.016262,0.75762,1.3197,0.22992,0.9266,-0.57517
-0.7863,-0.44702,1.3513,0.16219,-0.22996,0.042744,-1.0384,0.76347,-0.33542
0.36705,-0.051196,1.4769,-0.026923,0.62637,0.91446,-0.20182,-0.15967,-0.33979
-0.59795,-0.97599,1.5384,-0.64546,0.34272,-0.25721,0.61752,0.32707,-1.3929
2.9128,-0.2729,1.8724,0.71407,-0.18991,-0.42853,0.15745,-0.59252,0.61278
0.86823,-1.9805,1.8383,-0.10564,0.32657,-0.76069,0.058369,-1.1404,-0.66347
0.32123,-0.83685,0.97842,0.75592,0.30007,1.3204,-1.4257,-0.52714,1.4829
1.0827,-1.0652,0.30629,-0.15847,0.92243,0.93732,1.0112,0.44476,0.10178
2.1977,-1.3182,1.1657,-0.33656,-0.8447,0.21554,-0.11404,0.32372,0.64264
0.63136,-0.97978,0.71366,1.772,-0.80034,-1.2087,-0.50277,0.35286,3.0086
2.2048,-0.83808,0.075877,-0.28901,-0.36948,-0.45325,-0.20585,0.17275,0.039067
3.1681,-0.24136,-0.12254,-0.044479,0.25139,0.24776,0.19967,-0.21992,0.14265
2.9314,-1.1066,-0.62981,-0.024783,0.46787,-1.0664,0.7813,0.3405,-0.64103
0.76198,-1.2418,-0.43855,-1.431,-0.44421,-0.60037,-0.79628,-0.076638,-1.1255
1.3872,-2.3641,0.09343,-0.7787,0.79941,-2.7598,-1.0531,-0.9869,-1.207
1.4137,-1.6014,-0.52779,-0.4306,0.4683,-0.91887,-0.35157,0.3102,0.96333
2.259,1.2904,-2.6531,0.66854,-0.7132,2.5353,-1.5191,2.5315,1.1795
4.0501,0.20128,-1.8511,0.19883,0.62184,-0.10998,-0.055854,0.79619,-0.45304
3.033,-0.3027,-1.4022,-0.90798,0.65362,-0.41999,-0.206,0.34823,-0.46648
0.99714,-0.27777,-0.71427,-0.47717,0.57052,-0.8996,-0.64088,0.1726,-0.0096343
2.8804,0.62299,-0.38629,-0.20242,-0.22737,-1.1818,-0.52068,0.73372,-0.85158
-0.091939,0.72549,0.203,-0.5094,-0.27633,-1.607,0.25181,0.93081,0.55369
1.0733,0.32369,-0.37837,0.24864,-0.62133,-1.5048,-1.2398,0.67214,0.35335
2.4523,0.21325,-0.020841,0.34191,0.73451,-2.2124,0.059861,0.37024,0.65968
-0.91235,-0.0016027,0.10962,-1.1205,1.0859,-1.2753,-0.96764,0.085753,0.11379
-0.60585,1.0207,-1.0272,0.13707,1.2511,0.58887,-0.51391,1.5988,0.77636
-0.42566,0.49362,-0.78372,-0.63197,0.044062,-0.52039,-1.1937,0.64945,1.5745
-0.83811,0.57064,-0.46021,-0.40207,0.74927,-0.24573,-1.1682,0.9683,1.5276
0.34426,1.1227,-0.82987,-1.2859,0.19974,-0.19903,-0.84034,0.68934,-1.2563
2.3255,1.9571,-1.474,-0.39399,1.2782,0.40245,-0.10419,1.1307,0.43636
1.5743,1.1581,-0.81034,-0.98828,0.08813,-0.999,-0.14236,0.59278,0.050255
1.5489,1.3225,-0.68066,0.55759,1.3316,-1.2863,-0.43683,0.63375,-0.44769
2.2993,1.213,-0.28341,-0.35482,0.012362,-0.8285,-0.61624,0.24578,0.48473
1.4599,0.84085,-0.0008871,-1.148,1.0664,-1.0541,-0.34951,-0.10761,-0.076878
1.2517,0.75411,-0.049412,-0.34727,1.3054,-1.4393,-0.65492,0.20058,0.27141
2.9125,0.28431,-0.22051,-0.99964,0.074737,-1.4593,-0.2238,0.89805,-0.32954
2.0213,1.7329,-0.55635,0.071906,1.0134,0.022526,-0.59842,1.3292,-0.50345
0.26286,1.3552,0.022444,-1.1184,-0.25982,-1.3913,-1.219,0.28565,0.27454
1.0899,1.821,-0.44279,0.74353,1.5917,-0.18434,0.013429,1.358,0.03551
1.2809,1.8791,-0.17282,-1.2825,0.62367,-0.074051,-0.74186,0.21628,-1.0818
-0.214,2.0464,-0.086816,-0.36119,0.82601,-0.37942,-0.44218,0.93899,-0.43793
0.78694,1.8086,0.61687,-0.82916,1.0728,-0.99498,-0.62135,0.38678,-0.23785
0.39201,2.1387,1.1459,-1.0676,1.061,0.065978,-1.7486,-0.57447,1.8196
-1.8187,1.198,1.591,-1.4691,0.82786,-1.1385,-0.86001,-0.14846,0.2597
-1.0028,0.39441,1.4809,0.088734,2.1913,-1.2825,-0.074893,-0.64344,0.11958
-2.7078,0.95063,1.2391,-0.43447,1.2567,-0.2646,-0.106,1.3808,0.7812
-2.9871,0.79269,1.9728,-0.75488,1.3928,-0.9772,-0.71645,0.17909,0.11373
-1.3935,0.48894,1.813,2.2389,1.8339,-0.84026,-1.0943,2.3136,-0.24052
-4.567,0.3045,3.5836,-5.2216,-2.9039,-0.36866,-2.4563,-0.91318,-0.53531
-4.8349,0.41617,0.92859,4.8679,4.1403,0.90464,-0.068634,2.477,0.24907
-1.9454,0.7551,1.3633,-1.8669,0.81185,2.9152,-0.92095,1.2039,-1.1179
-3.3247,0.76032,2.8189,-0.25834,0.14262,0.825,-1.0642,-0.1457,0.86602
-2.4538,-0.37241,3.0774,-0.4794,1.515,0.29161,0.22665,-0.54378,1.5124
-0.70136,-0.38607,2.7239,-1.1107,-0.26185,0.46723,-1.0166,-0.33796,-1.4716
-2.0071,-0.42011,1.8014,-0.83589,1.5871,0.41614,-1.2799,-0.28509,1.0012
-1.5434,0.12573,1.5996,0.47245,0.48343,-0.20837,-0.58057,0.67121,-0.79873
-1.7078,-0.23101,2.3617,1.7382,1.0088,-0.78947,0.059422,1.2669,0.30664
0.63024,0.27214,2.5279,-0.63685,-0.86566,1.8317,-1.4373,0.32288,0.28794
-0.46453,-0.72437,2.4853,1.442,1.131,1.3413,-0.67992,1.3144,0.052266
0.40667,-0.77746,3.6196,-0.18301,-0.3787,1.3589,-0.73071,1.3307,0.94132
-5.2423,-1.0386,3.1946,0.012017,-1.5224,0.34445,-0.74106,-0.34264,1.0326
-0.8831,-1.5251,2.5812,1.5021,0.73124,1.0685,0.95532,-0.31265,3.395
0.22993,-1.922,1.1516,0.026639,0.9261,1.8007,1.0774,0.19211,0.12079
-0.99861,-3.7615,1.4924,-0.45763,0.77551,-0.8523,-0.33636,-1.0153,-1.0874
0.65542,-4.767,1.5399,0.46166,0.86178,-2.6147,0.52405,-1.4016,0.91843
1.5294,-3.4774,-0.92813,0.3785,-0.43914,-0.079358,-0.95019,-0.33067,-1.1852
-0.73983,-3.6041,-1.5249,0.27223,-0.16076,-0.41015,0.72662,0.71047,-2.7351
2.3103,-2.7554,-1.1258,0.45044,-1.3784,-0.85562,1.7992,0.50167,-1.0308
4.3881,-1.2322,-1.4353,1.2254,-3.3885,-0.29686,-0.11131,0.014703,-0.0054375
3.1452,-0.89082,-2.044,0.67082,-0.68545,0.66512,0.82151,0.67245,-1.2972
-0.58873,-0.54643,-1.5378,-0.34858,-2.5679,1.1275,0.8952,1.4236,-0.4029
1.5697,0.68069,-0.78548,0.38202,-3.133,0.53515,-0.56583,-0.54846,-0.41732
0.73044,0.69515,-0.57775,2.4045,-0.55229,-0.22666,1.8124,-0.41269,1.1733
2.9044,0.53256,-0.81582,-0.14002,-1.695,0.85797,0.6183,-0.43962,0.65544
0.95105,0.097086,-0.83316,-0.063598,0.52156,0.64894,0.7026,-1.6838,-0.81554
-0.56701,-0.049977,-1.3318,-0.26831,-0.38224,0.1975,1.1645,-0.065446,-0.34445
1.4876,0.87103,-1.1914,1.0485,-0.65583,0.57814,0.559,-0.80106,0.52709
3.959,1.3148,-1.9498,0.2426,0.50985,2.116,0.72549,-0.035712,-1.5739
2.9387,1.2406,-1.1183,0.15764,0.43134,0.45331,1.6745,-0.17189,-0.81423
2.561,0.3915,-0.52026,-0.042782,-0.23044,-0.55283,0.65545,-1.1384,-0.75693
1.1399,0.60759,-0.4732,-0.5928,0.10249,0.59026,0.52764,-1.4962,-0.21682
1.8557,0.40326,0.066162,-0.18848,-0.97954,-0.78668,1.0763,-0.55574,0.15858
1.808,-0.14868,-0.25424,0.33323,-0.51606,-0.67703,-0.4084,-0.97513,0.063015
2.4655,0.29607,-0.53021,-0.38834,0.15671,0.26638,0.55045,-0.81444,-0.55326
1.1078,0.1937,-0.51042,0.044359,0.11175,0.019692,0.83936,0.0076611,1.167
0.63793,0.31788,-0.21285,-0.65381,0.49436,-0.25072,-0.14172,-0.85147,-0.33751
0.3837,-0.22158,-0.31114,-0.32099,0.2306,-0.54505,0.53362,-0.26721,1.015
0.42321,1.0003,-1.0034,0.58336,-0.2589,0.97165,0.087087,0.93101,1.3732
0.30649,0.89351,-1.1885,-0.32399,0.0072179,0.8886,-1.1701,0.26949,0.2725
3.6156,0.1786,0.25415,-0.4678,0.13198,-1.2972,1.2883,-0.1463,-0.60196
3.234,1.2518,-0.27888,-0.74998,-1.0076,0.2431,-1.2386,-0.55372,2.2072
2.6734,1.5953,-0.75662,0.82557,1.0583,-0.50373,0.30779,0.62639,0.71583
2.5302,1.0988,-0.17424,-0.69028,0.47916,-0.099619,0.2096,-0.407,0.75463
1.2848,1.0725,0.017345,0.45931,0.65242,-0.95601,0.32427,0.19803,-0.27534
0.59135,0.96255,-0.057255,-0.18078,0.68857,-0.049083,-0.42161,-0.32736,0.73616
0.15853,0.81415,-0.13377,-0.61103,0.67143,-0.70819,0.21497,0.24751,-0.30979
0.44072,0.60531,0.36631,-0.0055143,0.62437,-1.2714,-0.045087,0.09049,0.39067
-0.016618,0.75583,0.31713,-0.29555,0.62409,-0.42576,-0.018913,0.27167,0.10432
0.5837,0.89654,0.23996,-0.26258,0.15356,-0.94169,-0.53795,0.15194,0.43326
0.3697,0.77606,0.23493,-1.4057,0.54183,-0.51428,-0.26496,0.20456,-0.015227
-0.041861,1.2197,-0.28409,0.13902,1.0322,-0.71657,0.059128,0.33908,0.36537
0.5465,-0.48818,1.5375,-1.3855,0.91142,-2.7298,1.0648,-0.93012,0.19927
0.92769,0.96183,-0.032955,0.47534,0.39197,0.015994,-0.89988,-0.084385,0.47179
1.5957,1.6885,-0.21906,-0.39318,-0.19748,1.0951,-1.0679,0.23139,1.3658
0.9741,2.1051,-0.30109,-0.62848,0.34752,0.94171,-0.84894,1.2711,-1.1306
-0.51303,0.83585,0.59965,-0.44289,0.76694,-0.88153,-0.07646,0.34128,-1.8946
0.48743,1.4113,0.43788,-0.489,0.89135,-0.54533,-0.48963,0.25441,0.28287
0.14434,0.3168,0.8141,-0.18362,1.554,-1.4834,-0.15249,-0.28413,0.67304
-0.71495,0.90264,-0.24387,-0.61375,1.6983,0.20386,-0.67755,0.55108,-1.3463
-1.5905,0.72322,0.84769,-0.93974,-0.12479,-0.76162,-0.35124,0.65021,0.17461
1.0314,1.2524,1.0413,-0.15576,0.37367,-0.55747,-0.75697,0.069809,0.20197
-2.4847,1.3604,1.8518,0.71592,0.59848,-0.66443,0.31859,0.27163,0.86335
-2.5253,0.82225,0.98079,0.17395,0.64951,-0.35867,-0.64086,0.26626,0.096207
-4.3573,0.033721,1.2338,-0.82683,0.05035,-0.32405,-0.17664,-0.24571,-1.6446
-4.9737,0.28474,1.0306,-0.34363,0.27399,0.18706,-0.25183,-0.097343,-0.097384
-2.8627,0.85972,0.47602,-0.25495,0.38216,0.4697,-0.84538,1.213,-0.043582
-3.2003,-1.1064,1.6028,-1.3836,1.218,-1.8757,0.42426,-0.42539,-1.2018
-2.8965,1.1465,0.56954,0.63106,-0.23987,0.4757,-1.5103,0.4902,0.90133
-0.60378,0.020794,0.97117,-0.70792,1.8988,0.5947,0.02726,0.83589,0.59891
-1.7664,-0.3193,1.2806,-0.71532,1.0367,-0.30941,-0.51476,0.41756,0.078101
-1.6098,-0.89273,1.1195,0.24345,0.5861,-0.81972,-1.7424,0.95992,-1.9441
-3.0272,0.25223,1.0986,0.39966,-0.63843,-0.79436,-0.91045,1.3488,-0.39204
-2.5906,0.17467,3.1208,1.4825,-1.2644,-1.4872,-0.36081,1.6567,-0.2421
-6.0463,-0.50103,1.7039,0.5773,-0.57295,-0.22966,-0.39154,0.49001,-0.49072
-2.2939,-0.63842,0.94185,-0.21812,0.31228,1.3486,-0.79111,1.6198,-0.047349
-2.9373,-0.36377,1.5187,-0.75202,-1.0491,1.4483,-1.4742,1.1611,-0.50744
1.3923,-0.28872,2.0467,1.9682,-1.5383,-1.7897,0.6086,1.0702,-1.7806
-8.078,-0.92121,4.3213,1.993,-3.0448,-1.4367,0.27362,0.19537,1.0834
-3.0604,-4.0876,2.4135,1.223,3.5052,2.6182,-0.46142,0.45399,1.7693
0.64691,-4.7859,-1.7176,-3.2766,3.9941,4.112,-0.96154,-0.94412,1.2236
1.7831,-2.6225,-1.2366,-0.75752,0.70952,1.411,-0.79489,2.1665,-1.2942
0.60901,-1.5954,-0.76866,1.4055,-1.2362,-0.96919,-1.2896,1.8146,-0.83471
1.0517,0.45198,0.25608,0.4272,-2.9989,-0.96602,0.079317,1.5683,-1.4539
1.1926,0.94685,-0.24449,1.3271,-2.1932,-0.31661,-0.86226,1.8169,-0.49154
-2.6349,0.96784,0.45691,1.4033,-1.406,0.34732,-0.70927,1.9573,-0.88801
-4.2965,1.0974,2.1315,1.6039,-2.3684,-0.20097,0.14333,3.0446,-1.555
-1.7838,0.1938,3.3712,2.0139,-0.79395,0.61956,-1.6863,2.1115,-0.18281
-3.9304,-1.1778,2.5402,-0.89255,1.0155,2.8935,-2.5434,1.9365,0.076506
0.2548,-0.77951,1.6051,0.14251,-0.93602,0.42161,0.61022,0.7957,0.38827
0.61351,-0.49649,-0.13978,0.53051,1.13,1.8158,0.2383,1.0618,-0.26346
-0.27889,-0.10014,1.1946,1.5121,-0.43107,-0.050487,0.51098,2.1092,-1.0926
1.0592,0.097381,3.183,2.4295,-2.7511,0.0092625,-1.3597,0.86862,-0.54303
5.3613,-1.3056,2.1155,-0.095746,0.75805,4.1575,-1.0899,2.1774,-0.30274
-0.023014,-0.38994,2.8919,0.92219,-1.8893,2.167,-0.23666,2.4431,-0.4443
2.7777,-1.0867,1.5615,1.8284,-1.1972,0.7941,0.25548,0.95032,-0.90245
11.781,-1.868,1.1933,-0.062525,-0.76187,0.11004,0.95647,-1.4668,2.9266
4.2073,-2.2033,-0.15953,0.9548,0.86154,1.418,1.3632,-0.46388,0.92071
10.765,-3.0935,-1.168,-1.606,1.8745,4.1168,-0.4128,-1.0189,1.1449
6.5159,-2.581,-0.027825,0.64655,-0.96642,-0.55141,1.2689,0.331,-0.26036
5.6995,-2.4439,1.116,1.3172,-3.5142,-2.9137,0.43993,-0.11202,-0.9233
2.586,-0.17197,-0.35313,3.4261,-3.3228,2.7993,-1.0054,1.1304,2.331
6.9775,-2.2407,-0.17996,0.80811,0.15432,1.6278,0.35377,1.0267,0.96489
3.5496,-2.1022,0.013333,0.5106,-1.5355,1.1686,-0.021297,1.7352,-1.5754
3.6598,-1.6791,0.0019139,-1.4218,-1.8806,1.8221,-1.4949,0.87219,0.33066
1.2625,-1.8308,1.0083,0.65976,-3.5133,-0.25882,0.52993,0.40304,0.84712
0.67709,-1.9207,-1.3974,1.6944,0.23855,0.43846,-0.1929,-0.020083,1.4115
7.3449,-2.5326,-2.2706,-0.11869,1.5194,1.59,1.3747,-0.28798,0.93807
2.2012,-1.903,-2.0064,0.19481,-0.14501,1.2673,-1.0671,0.81166,-2.4046
5.9486,-2.5148,-1.5627,-1.5917,-0.31149,1.5992,-1.5082,0.59933,-1.85
7.5673,-1.6705,-1.5448,1.0056,-0.043839,-0.015092,-0.78065,1.6436,-0.2028
6.3746,-1.1388,-1.1681,0.31849,0.18959,-0.58963,-0.22535,1.4306,0.47489
2.7372,0.65851,-1.9711,-0.61257,-1.4762,1.853,-0.93764,2.4724,0.75115
4.4678,-0.53593,-0.53033,0.13156,-0.18965,-1.8633,1.0431,1.3585,-0.85022
0.36106,0.34729,-1.2623,0.44953,-0.94103,0.41875,-1.3769,0.75513,-1.1191
1.8598,0.77771,-0.67256,-1.2802,-1.494,1.4904,-1.3183,0.06675,-0.17502
1.9518,0.69023,-1.2156,0.49653,0.27635,0.32051,-0.17538,1.5484,-0.45819
0.53983,1.1731,-0.28333,1.0102,-0.656,-0.75648,-0.65405,0.66751,-0.64079
3.5039,1.7055,-0.18552,0.12981,-0.77458,-0.1793,0.18944,0.77049,-0.41448
2.6824,0.72039,0.2765,0.12607,-0.48648,-1.2967,0.085023,-0.27735,1.2751
0.56827,1.9621,-0.65177,0.04846,0.70009,1.855,0.084219,-0.022694,-0.42364
5.0799,1.0924,-0.58756,-0.47381,0.80405,0.41402,0.14365,0.81312,0.15772
5.1836,1.0756,0.19329,0.099079,0.36266,-0.54108,0.1647,-0.22503,-0.42644
3.1207,1.2666,0.043808,0.23432,0.21662,-0.45251,0.63305,8.12E-05,-0.40958
2.9784,1.7123,-0.56969,-1.0433,-0.63651,1.4887,-0.57094,0.81571,-0.1491
4.0266,1.3981,0.58796,-0.5278,1.6633,-0.83014,0.21693,-0.51905,1.7195
4.2456,0.91368,0.36109,0.53767,0.0609,-1.0558,0.58735,-0.018403,-0.062478
3.2376,1.0324,0.4447,0.027226,0.084942,-0.46298,0.11032,-0.12877,-0.22112
3.6227,0.94844,0.23937,0.86107,-0.22592,-1.7713,0.50325,-0.07784,-0.61186
5.7975,0.95182,0.41512,-0.075986,0.35829,-0.9149,0.52193,0.30391,0.36521
2.8842,0.43607,0.4516,0.1302,-0.21228,-0.14424,-0.66497,-0.81475,-0.012792
3.1684,-0.15423,-0.1904,-0.51007,1.1712,0.70422,-0.43542,-0.0038106,-1.5659
4.4069,-0.098868,0.047333,-0.5389,0.69151,0.076737,0.84274,1.0408,-1.031
4.7576,-0.042177,-0.61321,-0.7212,0.60061,0.55664,0.033877,-0.66025,0.7329
5.9709,0.21827,-1.3507,-0.7134,1.7133,1.0857,-0.189,0.68266,0.061244
4.5796,-0.030947,-0.89787,-0.061721,0.24716,-0.1201,0.28928,0.073764,0.8387
6.5253,-0.19438,-0.59542,-0.74555,0.21932,-0.57964,-0.78913,-0.15921,-1.5098
6.2324,0.013428,-0.53007,-0.40004,-1.3167,-0.84425,-0.50618,0.54267,-1.5878
6.8398,0.56238,-0.41296,0.55528,-0.30826,-1.6625,-0.46439,-0.1592,0.49846
6.4653,-0.48012,-1.213,-1.0598,1.7147,-0.70022,-0.12048,-0.097817,1.0201
6.6096,-0.038034,-1.4096,-0.28456,1.186,0.3442,-0.81013,0.1061,0.0099881
7.7202,-0.47643,-1.2535,-1.2982,1.1438,0.45965,0.01986,0.56139,0.29905
8.6885,-0.44009,-0.37298,-0.50524,0.76337,-1.4532,-0.71542,0.092815,-0.059532
6.436,0.4267,-0.65773,0.084901,0.20193,-0.49473,-0.67207,0.78138,0.89435
5.1135,0.21981,-0.48868,-0.13225,-0.28847,-0.6859,-1.0552,0.47519,0.41624
3.6899,-0.22019,-0.039911,-1.9487,0.75503,-0.91394,-0.28506,0.0074838,0.69773
2.6354,0.11881,-0.91573,-0.81765,0.54863,0.28444,-0.85681,0.566,-0.58156
1.6089,0.17695,-0.74866,-0.3298,0.85398,0.6242,-0.64641,1.5544,-0.60106
2.2393,0.57364,-0.59056,0.64828,0.57019,0.038356,-1.596,0.67388,0.80337
0.37587,-0.86221,-0.66818,0.81533,2.7568,-1.1965,-0.3112,0.77461,-0.14787
0.94084,-0.47433,-1.0478,-0.38197,2.8111,0.21634,-0.35369,1.1227,-0.88639
2.1587,0.080378,-0.83882,-1.6008,0.68714,0.34264,-1.5177,0.84355,-0.089188
3.534,0.11049,0.28431,-2.9243,-1.4107,-0.88372,-0.59758,0.89533,0.061913
2.9762,-0.28826,-0.34187,-0.41661,-0.47913,-1.1133,-1.3447,0.75454,-0.43747
2.5655,0.21417,-0.80464,0.64219,2.1902,0.13086,-0.054614,0.97242,1.1552
2.7817,0.0080107,-0.4442,-1.1827,0.39739,-0.27477,-0.82039,0.3484,0.10989
2.5506,0.34239,-0.45099,-0.7167,-0.48965,-0.077612,-1.5034,0.27023,0.41539
1.0847,-0.057164,-0.065873,0.19096,0.76279,-0.99552,0.65265,0.19855,0.46553
1.2301,0.15962,-0.26823,-0.30727,-0.23745,0.0014654,-0.18479,0.75245,-0.53525
-1.1585,0.61894,-0.51477,-0.33625,0.014378,0.59083,-1.1392,2.5206,0.35912
1.4895,-0.51554,0.78436,-2.493,0.71193,-0.8917,-0.81616,-1.4098,-0.65182
0.65423,1.1694,-1.2489,1.2652,0.20867,0.74632,-1.5526,0.69512,-0.63075
-0.17637,0.31216,-0.31659,-0.058718,0.92278,-0.44824,-0.13695,0.21785,-1.1802
2.8852,0.64905,0.48946,-0.81749,-0.26098,-0.98648,0.65913,0.45091,0.022495
2.2446,0.74265,0.42153,0.81243,-0.13939,-0.8273,0.040667,-0.18696,0.48033
1.5258,0.39156,-0.13085,-0.28113,-0.25766,0.32894,-0.77586,-0.41672,-0.79132
2.7529,0.71786,-0.31547,0.36788,0.43197,0.31074,0.1144,-0.04099,-0.89306
2.7892,0.62982,-0.095406,-0.61512,-0.57446,-0.23765,0.23637,0.48796,-1.3538
3.564,0.56129,0.55793,0.43712,0.11711,-1.6213,0.5177,-0.15203,0.73091
5.3205,1.2656,0.69542,0.2994,-0.045526,0.33756,1.3894,-0.63683,3.4124
3.1634,0.41602,0.038808,-0.73189,1.3894,0.17807,0.0094286,-1.9395,4.0909
1.267,0.55144,-0.039451,0.4596,0.66024,-0.18858,0.52372,-0.97425,0.3939
1.7821,-0.2374,0.02884,-1.0225,0.043831,0.68738,1.3525,-0.15996,-1.7995
1.383,0.49476,-0.58223,0.32122,1.1319,1.3168,-0.39263,-0.49911,-0.55541
1.2673,0.35123,-0.26832,-0.82625,-0.14857,-0.096487,-0.69951,-0.34772,-0.78304
2.4742,0.71388,0.60408,-0.99543,-0.46721,-0.35946,0.56436,-0.40981,0.45442
1.7692,0.035729,0.31192,1.2024,0.2357,-1.1362,0.71458,-0.12305,0.53081
1.0712,0.60754,0.24541,-0.51156,0.027355,0.27168,-0.28003,-0.65088,-2.0776
1.297,0.19817,0.78131,0.07912,-0.53721,-0.44055,0.28347,-0.27806,-0.54806
1.3056,0.15208,0.41385,1.1297,-0.097139,-0.69655,0.1346,-0.24259,0.43298
1.0386,0.062318,0.28645,-0.63663,0.2004,0.25137,-0.18404,-0.52097,-0.040625
0.43864,0.43767,-0.48462,0.15344,0.96853,0.76972,-0.19434,0.44725,-0.28567
0.83175,0.39408,0.46038,-0.24578,0.49756,-0.60833,0.35668,-0.39207,0.84646
0.84603,0.63351,0.26506,0.077914,-0.38733,0.052594,-0.32054,0.091511,-0.90974
0.51447,0.44065,0.57908,-0.3293,-0.30812,0.31509,-0.57262,-0.42126,-1.1617
0.92554,-0.20866,1.0159,0.25706,0.93173,-0.5318,0.9563,-0.6989,-1.4189
0.53786,-0.011444,1.1273,0.084582,-0.73038,0.056797,0.3851,-0.1713,-0.33834
0.68318,-0.20714,0.40072,-0.8996,-0.62875,0.93572,-1.02,-0.18838,-0.45125
0.035277,-1.0299,0.69475,0.83865,1.3499,0.0016963,0.37601,-0.063862,-1.3282
-1.3596,-0.62819,0.047116,0.54826,1.3975,1.3521,-0.21263,0.49791,-0.31425
-0.23166,-1.2596,0.38868,-0.92416,1.311,-0.02208,0.10713,0.80886,-0.76679
0.46676,0.052899,-0.40924,1.6854,-0.080765,1.1796,-0.81347,0.91007,-0.2984
0.48017,-0.82148,0.61543,-0.84964,-1.2724,0.21226,-0.61978,0.24767,-0.50697
0.44492,-0.69162,0.3831,-1.0898,-0.10497,0.3849,0.0038912,0.38651,0.44163
0.08299,-0.25897,0.068414,0.96842,0.45459,0.69584,-0.44011,0.18283,0.56918
0.52771,-0.30256,-0.29428,-0.034449,-0.71323,1.0094,-0.38014,0.72091,0.08955
0.31318,-0.043821,1.0542,-2.5987,-0.82511,-0.93056,-0.42276,-0.091936,-0.29376
0.76423,0.2438,-0.35302,2.8227,0.48012,0.18946,0.13637,0.67269,1.7471
1.4885,-0.076444,-0.079268,0.78517,-0.95231,0.46726,-0.12291,-0.1974,-0.93507
1.8796,-0.85006,0.28364,0.42372,-0.052601,-0.29818,1.2314,-0.1447,0.0001082
0.85132,-0.58747,-0.17483,0.51867,-0.16415,0.32427,-0.14343,-0.98568,-0.045472
0.67767,-0.46303,-0.31507,-0.72945,-1.0578,1.3903,0.049598,0.27965,-0.084298
0.10418,-1.1074,-0.043349,0.12114,0.05111,0.098257,0.21315,-0.21198,0.37137
1.3867,-0.90901,0.58208,-1.3922,-1.8104,0.41347,-0.29191,-0.5303,3.3547
0.98989,-1.0408,0.51906,0.53419,-1.073,0.23089,0.76692,-0.35105,1.6924
0.59845,-1.6116,0.6019,0.23145,0.06109,-0.10148,-0.17233,-1.6913,1.5414
0.42465,-2.2416,-0.090327,1.6042,1.3773,-0.64622,1.0398,-0.28042,-0.25396
0.22504,-1.5648,-0.37967,0.35459,-0.64849,0.87832,0.9623,-0.44919,-1.2732
1.8099,-1.9154,-0.11523,-0.094541,-1.3679,0.90867,0.7708,-1.2706,0.77882
1.8812,-2.0601,-1.7269,1.4104,0.32209,0.56544,0.12048,-0.069353,-1.7525
1.6457,-1.6009,-0.66933,1.223,-1.9921,-0.14493,0.69262,-0.063518,-1.8612
2.7092,-0.91141,-1.1713,-0.13396,-2.3907,0.89355,-0.024807,-0.17546,0.17896
2.0229,-0.73414,-1.0786,0.3962,-2.2469,1.2513,-0.11832,-0.41264,1.4375
2.9552,-0.2468,-0.84071,1.677,-1.6948,0.52165,1.6286,0.31329,0.16755
2.5868,-0.48753,-0.97443,0.69776,-1.0406,0.2535,-0.070849,-1.0634,-0.14275
2.2278,-0.8524,-0.78143,-0.66898,-0.60197,0.9156,0.75734,-1.0714,0.16343
2.6913,-0.15093,-0.90365,0.40788,-0.85529,1.2397,0.67225,-0.996,1.198
2.5326,-0.96929,-0.56913,0.26314,-0.14796,0.086347,1.2735,-0.75599,0.73521
2.117,-0.90514,-0.64906,-0.77719,-1.0432,0.53183,0.51477,-0.91595,0.62057
2.9246,-1.2665,-0.76275,0.19367,0.46724,0.19455,1.0109,-0.87056,0.63915
5.0697,-0.97723,-1.4955,0.74306,0.0037785,-0.13273,-0.19652,-0.26337,-1.6138
3.5629,-0.016073,-0.8161,0.10529,-2.2,0.32447,1.0555,0.47022,0.72264
5.7584,0.19802,-0.83342,0.79022,-1.865,-0.20319,0.37127,-0.89237,-0.19443
4.4814,-0.043933,-1.1514,0.61256,-0.77446,0.76292,0.73528,-1.2209,0.73643
3.0718,-0.30609,-0.86817,0.013124,-0.63896,0.20473,0.72282,-0.68122,0.66901
3.1726,-0.5307,-0.68878,-0.081959,-0.54096,-0.14123,0.38581,-1.2882,1.0082
3.508,-0.26865,-1.4954,-0.0050688,-0.0070665,1.2146,0.61612,-0.98953,1.4305
3.0112,-0.62651,-0.69368,0.03559,0.23945,-0.39653,2.1017,-0.22288,-0.02728
1.7931,-0.50048,-0.81785,-0.11672,-0.88916,0.35508,-0.87994,-1.4387,0.56747
2.7422,0.13045,-0.79664,0.46877,-1.9619,0.4135,1.0981,0.27683,-0.059859
4.146,0.10346,-0.70898,1.4521,-1.34,-0.49142,1.1114,-0.87809,-0.79926
3.21,0.03205,-1.4814,0.76317,-0.59971,0.11643,0.60955,-0.35556,-1.2955
1.0814,0.059446,-0.52513,-0.58406,-0.47833,-0.066856,0.20364,-2.5899,1.2097
0.7967,0.052761,-0.84299,-0.18865,-0.23119,0.49635,0.8127,-1.2746,-0.26333
1.9404,-0.65182,-0.52693,0.17137,0.020842,0.038348,1.2208,-1.4492,0.54494
1.4194,0.080784,-0.69731,-0.41564,-0.58311,0.60101,0.59008,-0.70823,0.78376
0.83933,-0.27903,-0.58303,0.011926,0.24854,-0.25053,1.5995,-0.078277,-0.038755
0.17856,-0.24747,-0.79836,1.1509,-0.34709,-0.43824,0.12108,-1.1043,-0.14806
0.072819,-0.019345,-0.46718,-0.19577,-0.68372,0.39196,0.65545,-1.1086,0.18719
-0.17498,-0.21049,-0.89961,-0.27379,-0.35443,-0.035008,0.34912,-0.50433,-0.3364
0.4536,0.12894,-0.95399,0.1236,0.11226,0.63543,0.36112,-0.4234,0.71316
0.63576,0.36701,-0.45632,-0.90219,-1.368,0.31112,-0.14129,-0.82271,-0.15568
0.67849,0.37892,-0.57518,1.0116,-0.29844,-0.67198,1.1404,-0.15955,-0.19664
0.0079913,0.65473,-0.8985,0.68554,-0.1013,-0.035051,0.64465,-0.093913,-0.37523
0.37773,0.064078,-0.60845,0.019952,-0.27949,-0.47819,0.20726,-1.3958,0.36801
1.1584,0.13637,-0.28027,-0.092113,-1.005,-0.63441,0.13432,-0.75044,-0.30585
2.8109,1.0779,-0.41699,0.39633,-0.86941,-0.36625,0.65445,-0.6912,1.2527
3.0905,0.7271,-0.13207,0.61791,-0.41355,-1.1212,1.6207,-0.77772,0.81108
2.5293,0.93613,-0.35485,-0.030392,-0.50575,-0.60519,1.0412,-1.204,-0.40387
2.0607,0.54455,-0.34223,-0.52602,-0.40672,0.13378,0.12311,-1.7602,0.3603
1.7458,0.39098,-0.16124,-0.58747,0.05464,-0.78749,1.5175,-1.2312,0.47133
1.6086,0.7195,-0.70078,0.33528,-0.31321,0.19577,-0.073508,-1.2613,-0.31461
2.0088,0.46757,-0.1875,0.54366,0.63941,-1.0303,1.2705,-0.88612,-0.25444
2.2996,0.82391,-0.53522,0.61894,-0.59152,-0.55049,1.0604,-0.80715,0.14255
2.3828,0.97226,0.17626,-0.61339,-0.62801,-0.34,0.94606,-1.5949,0.041911
2.5489,0.92619,-0.45907,0.62066,-0.5404,-0.043558,0.88343,-1.3708,0.33214
1.8244,0.42033,-0.20875,-0.33139,0.014302,0.21063,0.72676,-1.8933,-0.001582
0.81728,-0.12475,-0.10525,-0.080945,0.41341,0.081953,0.70054,-1.5632,-0.77049
1.1519,-0.29404,-0.25221,-0.39575,0.79504,0.37583,0.64003,-0.9578,0.97497
1.0426,-0.58621,-0.022341,-0.96997,0.16092,0.15864,0.60761,-0.73027,-0.11737
-0.47552,-0.6806,-0.63601,0.64939,0.31362,0.57493,-0.14939,-0.1661,-0.15117
0.48135,-0.13071,-0.42237,-0.1848,0.41388,1.2972,-0.057641,-0.50206,-0.21645
1.1556,-0.63676,0.12865,0.13837,0.20428,-0.6944,0.38092,-0.0069212,-0.99312
0.43753,0.46564,-0.44184,0.84705,-1.4989,0.91127,-0.48408,0.37832,0.46976
0.2723,0.03867,-0.34433,0.19787,0.063614,0.67869,-0.21339,-0.21238,0.14405
-0.065559,-0.51728,0.032155,-0.65099,0.079485,-0.20676,0.055508,-0.43411,-0.26713
-0.42805,-0.35172,-0.47589,0.79648,0.076578,0.28025,-0.53797,0.33983,0.14754
-0.50733,-0.088044,-0.50181,-0.26662,-0.69466,0.86024,-0.3178,0.6389,-0.55974
-0.67371,-1.1494,0.56183,-1.0035,-0.33622,-0.64581,-0.071129,0.13687,-0.28863
0.30636,0.52472,-0.81491,1.3919,0.088211,1.2203,-0.58903,0.35989,0.028353
0.94568,-0.31248,0.087796,-0.57564,-1.0545,-0.93226,0.75206,1.0508,-1.0944
1.4974,0.31845,-0.49316,0.65882,-0.94629,-0.015602,-0.27392,0.080372,0.85405
1.8981,0.36602,-0.46504,0.85135,-0.10845,0.040869,-0.42084,-0.39531,-0.029745
1.6934,0.66621,-0.60984,0.50213,-0.29409,-0.052178,1.2326,0.62821,-0.25135
0.99833,-0.11933,-0.051994,-0.1954,0.081129,-0.45423,-0.34506,-1.0756,1.0373
1.98,0.28714,-0.79194,-0.071038,0.14007,0.2808,0.17216,-0.24071,-0.13405
1.4421,0.36949,-0.19007,-0.2069,-0.96608,0.14148,0.25167,-0.23092,-0.44045
0.69163,-0.16599,-0.52081,-0.12957,0.39152,0.43714,-0.26592,-0.88105,-0.56074
0.085438,0.37799,-0.77699,-0.22035,0.098311,0.94409,0.14098,-0.0049066,-0.24473
0.87454,0.14633,-0.054787,0.03699,-0.48649,0.070015,1.132,0.11447,0.051594
0.60831,0.0051801,0.029714,0.55936,-0.29702,-0.63628,0.55459,-0.67851,-1.1121
1.1527,0.78534,-0.87126,0.94495,-0.56477,1.0193,-0.25531,0.035085,-0.35103
1.8643,0.37654,0.12442,0.60543,-0.046159,-0.37832,0.90885,-0.15048,0.4289
1.2007,0.29292,0.13356,0.26213,-0.43358,-0.45419,0.42523,-0.53599,0.60375
1.3313,0.1598,-0.62462,-0.42101,0.58262,0.32168,0.5456,-0.31247,-1.1821
1.2233,0.27937,-0.51817,-0.66112,0.0010256,0.78379,0.094803,0.0022871,-0.6786
-0.27135,0.32528,-0.66462,0.27826,0.26018,0.68407,-0.168,0.15884,-1.4097
0.80182,0.49976,-0.051712,-0.33853,-0.98935,0.61846,0.78708,0.29368,0.53295
0.33036,0.56439,-0.085465,0.13,0.0065583,0.59205,-0.57922,-0.76914,-0.13996
0.8285,0.55973,-0.2388,0.088471,0.4201,0.70885,0.47515,-0.11433,-0.14121
0.901,0.7715,-0.11029,0.40073,0.50718,0.54914,0.64065,0.16316,0.10582
0.059051,0.018625,0.18418,0.31955,0.19799,0.022694,0.42482,-0.10746,-0.036755
0.057655,0.4197,-0.10298,0.096106,0.37467,0.88171,-0.11457,-0.22612,-0.18888
0.11855,0.21602,-0.31514,-0.14393,0.40322,-0.05828,-0.15697,0.2368,-1.3781
0.48897,-0.025178,-0.033721,-0.086668,0.28777,-0.054682,0.010144,0.13471,-0.9397
0.34058,0.49621,-0.25789,-0.53281,-0.31717,0.31563,-0.30688,-0.16967,-0.72113
0.74319,0.14093,0.17312,-0.11153,-0.25404,0.1284,-0.050076,0.06295,-0.11145
0.62347,-0.5926,0.26303,0.23367,0.73512,-0.60482,0.15465,0.30137,-0.50198
-0.40832,-0.52481,0.10795,-0.74406,-0.025862,-0.73171,-0.89793,-0.22344,-1.1243
-0.81426,1.1192,-0.45643,1.0583,-0.64902,1.7402,0.51851,1.7216,2.8883
-2.2997,-0.49241,-0.094038,-0.22091,1.7224,-0.0080721,-0.16989,0.3753,1.7895
-2.2743,0.11565,-0.44159,-1.446,0.10944,0.93913,-1.158,0.35564,1.4237
-0.54273,-0.035602,-0.48712,0.60083,0.27351,-0.86386,-0.050169,1.0189,-2.9222
0.24673,0.025344,-0.59119,-0.64919,0.46928,-0.38284,-0.67086,0.18527,-0.43542
-0.093647,0.24384,-0.55114,-0.39121,-0.24862,-0.22208,-0.90913,-0.088909,-0.9563
1.338,0.2992,-0.42474,1.3239,0.40242,-0.41898,0.28949,1.1061,-0.28516
0.33265,0.088102,0.26377,-0.54459,-0.74389,-0.70334,-0.51913,-0.4514,-0.6533
0.13155,-0.010958,0.1316,-2.3037,-0.95685,0.25584,-0.43115,-0.18551,-0.63784
0.97381,0.48538,-0.67931,2.177,0.71885,-0.79588,0.39668,0.60943,0.11915
-0.68443,-0.020978,0.025338,0.35462,-0.30608,-1.4506,0.07784,-0.044435,0.11197
-0.23761,0.35521,0.032392,-1.1622,-0.090509,0.015976,-0.50054,-0.59331,-0.61072
0.19446,0.5812,-0.28122,0.0016286,-0.21337,-0.28686,0.22832,0.17527,1.2219
-0.24776,-0.12966,0.36756,-0.88216,0.2503,-0.83229,0.020797,-0.90361,0.12276
-0.016578,0.84031,-0.30275,1.1854,0.47381,-0.11331,0.92966,0.29705,0.80067
-0.55615,0.49476,-0.35626,-0.39492,0.52434,-0.033091,0.70383,0.25248,-1.4687
-0.30039,0.82257,-0.19235,-0.32539,-0.49017,-0.054013,0.51893,0.29522,-0.89622
-0.50416,0.56883,0.054131,0.67375,0.39212,-1.3171,-0.98197,-1.4072,-1.0116
-0.11132,0.30351,0.44155,-0.40475,-0.74521,-0.42031,-0.76625,-1.6471,0.23518
-0.63409,0.53843,-0.094334,-1.0786,-0.039428,0.36763,0.82287,0.78854,-0.15072
-0.61149,0.44449,-0.48335,2.2358,1.9925,-0.19459,1.5173,0.51556,-0.10714
0.57189,-0.18526,0.95537,0.34823,-1.6747,-0.84745,-0.6381,-1.1696,0.85272
-1.0061,0.15889,0.054099,-2.3362,-0.32561,0.9579,-0.84076,0.042564,-0.18129
-0.63231,-0.62375,0.20895,1.5101,1.3428,-0.7452,0.58968,0.23783,-0.34678
-1.2472,-0.57021,0.025288,0.90842,0.84298,-0.46972,0.019862,0.35273,-0.0087685
-1.6513,0.19104,0.26239,-2.2165,-1.9683,0.54758,-1.2413,0.029866,0.26745
-1.5042,-0.57851,0.45365,1.4453,1.3603,-1.2573,0.43458,-0.079073,0.85349
-1.0799,-0.43794,0.55966,-0.16909,0.066438,-0.43196,-0.2668,-0.2073,0.24879
-1.5021,-0.7751,-0.1536,-0.64939,0.58976,0.41932,-0.74461,0.63781,1.4198
-0.82085,-1.4649,0.26358,-2.2,0.16907,-0.29368,-1.0047,0.52403,0.60574
-0.60417,-1.0135,-0.23684,1.4981,1.0008,-1.011,-0.41329,1.4238,1.2357
-0.35977,-1.15,0.04754,0.71625,0.70011,-0.86657,-0.41314,0.96657,2.4241
1.123,-1.206,-0.018596,-1.4306,-0.99741,-0.76537,-0.75644,0.77208,1.1763
2.0062,-1.036,-0.83539,-0.46456,-0.70431,-0.97675,-1.9522,0.17798,-1.1412
1.6508,-1.4304,-0.89385,0.59658,0.59978,-1.5093,-0.11858,1.3029,1.0094
1.1073,-1.0565,-1.2073,1.8245,0.60504,-1.6765,-0.48593,0.97659,1.3241
1.0589,-1.2129,-0.59312,-1.5054,-0.77906,-1.0242,-1.1859,0.35365,1.5948
0.82183,-1.4278,-0.16771,-3.8061,-0.00033338,-1.0237,5.9874,5.1631,3.4126
0.68407,-1.2652,-2.0776,5.8894,0.3394,-1.1366,-11.742,-7.5185,-0.3758
3.9646,-1.3269,-1.3449,-1.9481,-0.74613,-1.4355,2.4213,3.6864,0.29472
5.0521,-0.88155,-1.5679,-0.18037,-0.91075,-1.4562,1.0183,2.1975,-0.013962
3.3704,-0.28015,-0.98919,-1.0605,-1.8526,-0.9263,-1.2199,-0.31815,1.6463
2.6179,-0.19846,-1.1422,0.0033683,-0.36701,-1.6519,-0.54589,0.32462,1.0558
3.7247,-0.27636,-0.94215,-0.98004,-1.5543,-1.7051,-0.28402,-0.23504,0.17235
3.2814,-0.20258,-1.4156,-0.15729,-0.7492,-0.67225,-0.81781,0.19881,0.43917
2.3868,-0.19897,-1.3002,1.0964,1.3653,-1.8027,0.71127,0.52359,1.5324
2.6515,0.11515,-0.92484,-0.96961,-0.32472,-0.80898,0.11797,0.024952,2.4298
0.90735,-0.28603,-0.67367,-0.67701,0.27531,-1.1963,-0.35317,-0.3258,3.4299
-0.48833,-0.44053,-0.78941,-0.43283,-0.053296,-0.7369,-0.87699,-0.35663,0.58976
-1.5355,-0.39058,-0.35431,-0.43246,0.42762,-1.4665,0.16134,0.060229,1.6144
-1.1362,-0.50261,-0.41283,-0.37681,-0.33173,-1.502,-0.19939,0.68027,0.98897
1.0622,-0.44796,-1.5234,0.14656,0.58983,-0.8835,-0.18236,1.0094,-0.026844
-1.1713,-0.66995,-0.61406,-0.46693,0.2517,-2.1066,-0.63982,-0.12617,0.81469
-0.67799,0.42424,-0.90796,-1.6705,-0.78918,-0.70244,-0.97705,-0.086931,1.4194
-1.7623,-0.50461,-0.17005,-1.5535,-0.69011,-0.97107,0.10672,-0.066007,2.0448
-1.333,-0.61816,-0.95882,0.35734,0.71171,-1.1974,-1.147,-0.025199,-0.12458
-1.5502,-1.0273,-1.3925,3.5646,2.7494,-2.3234,0.63889,1.5713,-0.9524
-3.1523,-0.37862,-1.4746,-2.3144,-0.0989,-0.27297,-1.5439,0.57989,-0.21864
-2.4355,-0.39296,-0.95779,-1.9677,-0.76082,-0.62798,-1.2876,0.89954,0.19637
-0.67722,0.25781,-0.86902,0.83938,-0.9943,-1.3779,-0.31751,1.3293,0.63457
0.31584,0.031653,-0.37418,-0.79971,-1.1247,-2.0205,-0.25737,0.32898,0.40298
-1.4918,0.32884,-1.2748,0.18929,0.20226,-0.87456,-1.9825,-0.839,0.78571
-0.23052,0.27648,-1.1983,0.40448,1.3289,-1.6257,-0.23695,0.19599,0.70122
0.032446,0.70103,-1.1228,0.48239,0.20769,-0.84003,-0.049277,0.72335,0.67282
-0.43831,0.32079,-0.7251,-2.0492,-0.46388,-1.3976,-1.0386,-0.17181,0.81286